path	size	sha256
meituxiuxiu/FUNCTION_MAP.md	6290	0001723acfd105a707fb53ba4cac8a5fb017e82f3da57526b85ba19a365156bb
meituxiuxiu/HOME_MAP.md	5703	3479507f8307b8d8c6eb5a9f68286bdba2fd0a143a0f1f71f17f3b7e16829e1f
meituxiuxiu/IMG_0856.PNG	5079538	4a7707222c38f19218bf27c48f6330c7f63fe014ba89fa53da5391d206951b4f
meituxiuxiu/IMG_0857.PNG	5057167	8b7d2cf7a8afe321d530f6fdfb3863f253db58078ad3f315c0a96586a4e423ca
meituxiuxiu/IMG_0858.PNG	5089061	040f2842767b278e37bef21fff9425fbe4d014433b477c4d72ce152a150c563e
meituxiuxiu/IMG_0859.PNG	5073596	c1b6f2bb9f9fd1d19c8e2d84d4a475456ec980820be844d2055c541de107ded3
meituxiuxiu/IMG_0860.PNG	5043977	66630d265e4f3b45d801185ecc4aefe258546eb828f143fa4048f61493f12979
meituxiuxiu/IMG_0861.PNG	5048319	ec099cff147495984d232be601e4377b5d1e5ed6c0e575553c5c434cf3ffa8d8
meituxiuxiu/IMG_0862.PNG	5040112	410f231d60d2f59c23b42b0c012ca0058b93118ae609dacbed6f15bc95e25e05
meituxiuxiu/IMG_0863.PNG	5038989	5203fe1146f51f12bbb6f6747d6bd6d64dc59768a81c347d6831ffcbb13cbd40
meituxiuxiu/IMG_0864.PNG	5047131	594bbbe2dd5fa959c270f569cee5ce3000a0a7451328230e83c00f803f10ea9b
meituxiuxiu/IMG_0865.PNG	5048002	21a30e70d43a38325507593a01c2f6a08ddd6181658726ac8558b4c84e445eb5
meituxiuxiu/IMG_0866.PNG	5081140	6df13ac87acf4cdff68459ab1bc3487eb49243d537c19db35dc0a51d7e0bc80d
meituxiuxiu/IMG_0867.PNG	5085029	7bd5190e9916b0bf4c9573e8940db4eff440c08f59dc97d427010a7258fd5e84
meituxiuxiu/IMG_0868.PNG	5068198	756b29b262f584c9a519457322469d51923cd7c3cb306b53d2a1347f4e7dbcb0
meituxiuxiu/IMG_0869.PNG	5057475	6d0dde1ac8992f3b35a43b9a13889b3d726ebf7f96b8a5bda4c8b5ea70b54128
meituxiuxiu/IMG_0870.PNG	2649251	f851c06ba6ae5b4c45de8e32ab04a3825bb0a18df4f11afb632d52c3ba442c46
meituxiuxiu/home/IMG_0871.PNG	4576251	3c184cf9b1a058f6b867cb8c00f37990afa9d139eecf5e8337aa46e320289af8
meituxiuxiu/home/IMG_0872.PNG	4232284	6fa1d3476f5e691849da06509a9f5bf28608da6626996f9ce8ffe2c14cdfe2bd
meituxiuxiu/home/IMG_0873.PNG	4158705	dc99bc81942230b98568b2414407fd48eb718799e4e5b52bd31fd3b0a7233228
meituxiuxiu/home/IMG_0874.PNG	2136301	e0e1ea1129ebabdec149891dddc395e8b95e96997571340a567a2df080c602f0
meituxiuxiu/html/README.md	3665	d573b16563662fe7a16cd2651b4b3d8e96bfeab2421078c9e9aaebe565dde927
meituxiuxiu/html/editor.html	3866	714d14170de1233e57410e3d1b371e64ed71e20d9ec0a6770c4e0863db6558fd
meituxiuxiu/html/home.html	8610	33edeba4b2fa30b22686905925ddad4350413cbbfcd946dbc95113d5b4a875f3
meituxiuxiu/html/offline-check.mjs	1013	a76e7a0c604bca65868180c1900e826ecc23fb80e27961e20fc8929dd478080c
meituxiuxiu/html/styles.css	11198	d71afbf79046ec1cbc477611f77345f996e7c59592186710f7601b5cdf952d9e
